,address,company,conditions,date,description,duty,experience,name,requirements,salaryMAX,salaryMIN,schedule,skills,type_of_employment,url
281,Челябинск,КРОН,,21 сентября 2020," Обязанности: Разрабатывать на платформе ""1С:Предприятие"" по стандартам 1С Получать задачи в виде ТЗ или в устной форме от консультанта/аналитика заказчика Требования: Практический опыт разработки на 1С 8.х от 3 лет и выше Знание и опыт в написании запросов, использование СКД, разработка на управляемых формах и оптимизация запросов. Написание грамотного и красивого программного кода (Не делал такое раньше, как раз самое время начать:) ) Знание конфигураций: БСП, БПО БИП (не знаешь, поможем) Умение быстро разбираться в типовом программном коде Условия: Оформление в соответствии с ТК РФ Фиксированный оклад. Oт 80 000 руб. и выше на руки белыми. Определяется на собеседовании. Ежемесячно, без задержек. Заработная плата зависит только от Ваших знаний и навыков. Работа по производственному календарю РФ (8-часовой график) Возможность сдвинуть свой рабочий график на удобное время (стандарт с 9 до 18 по Москве, сдвиг ± 4 часа) Разнообразные задачи начиная от доработки типовых конфигураций и заканчивая разработкой с нуля под 1С:Совместимо, разработки мобильных приложений, разработка на платформе ""1С:Предприятии"" на проектах в Европе Возможность обучения в нашем ЦСО или прохождение курсов в курсы-по-1С.рф Дружный и сильный коллектив, который всегда поможет в работе. Возможность карьерного роста от разработчика до руководителя проектов ",,3–6 лет,Программист 1С,,110000.0,80000.0,удаленная работа,"Ответственность,Клиентоориентированность",Полная занятость,https://tyumen.hh.ru/vacancy/39357163
588,Челябинск,Энрима,"рассматриваем кандидатов с возможностью переезда в г. Пермь (оплата жилья за счет работодателя);,работа в одной из крупнейших компаний России в области автоматизации;,официальное трудоустройство, ""белая"" заработная плата;,профессиональное развитие в рамках компании, участие в крупных проектах по автоматизации;,возможны нечастые командировки (до 2-3-х недель).",24 сентября 2020," Обязанности: самостоятельная работа над проектами в части технического и программного обеспечения АСУ ТП; предпроектное обследование; разработка функциональных и структурных схем АСУ ТП, прикладного ПО; разработка документации в части разделов ИО, ПО, МО, а также эксплуатационной документации на АСУ ТП; участие в пусконаладочных работах по своему направлению; проведение обучения персонала Заказчика. Требования: опыт разработки, отладки, внедрения программного и информационного обеспечения АСУ ТП; Опыт работы с ПЛК: Siemens, Schneider, Regul; Знание TIA Portal, STEP7, WinCC, PCS7, MasterScada, TraceMode; Знание языка SQL, администрирование серверов SQL, С++ или другого языка высокого уровня (желательно); Знание промышленных протоколов связи, стек TCP. Условия: рассматриваем кандидатов с возможностью переезда в г. Пермь (оплата жилья за счет работодателя); работа в одной из крупнейших компаний России в области автоматизации; официальное трудоустройство, ""белая"" заработная плата; профессиональное развитие в рамках компании, участие в крупных проектах по автоматизации; возможны нечастые командировки (до 2-3-х недель). ","самостоятельная работа над проектами в части технического и программного обеспечения АСУ ТП;,предпроектное обследование;,разработка функциональных и структурных схем АСУ ТП, прикладного ПО;,разработка документации в части разделов ИО, ПО, МО, а также эксплуатационной документации на АСУ ТП;,участие в пусконаладочных работах по своему направлению; проведение обучения персонала Заказчика.",3–6 лет,"Инженер-программист АСУ ТП (PCS7, WinCС, Step7, TIA Portal), г. Пермь","опыт разработки, отладки, внедрения программного и информационного обеспечения АСУ ТП;,Опыт работы с ПЛК: Siemens, Schneider, Regul;,Знание TIA Portal, STEP7, WinCC, PCS7, MasterScada, TraceMode;,Знание языка SQL, администрирование серверов SQL, С++ или другого языка высокого уровня (желательно);,Знание промышленных протоколов связи, стек TCP.",110000.0,80000.0,полный день,,Полная занятость,https://tyumen.hh.ru/vacancy/39239791
225,Челябинск,Основа,,13 октября 2020," Обязанности: Поддержка и доработка конфигураций 1С: Розница 1, 1С: Розница: 2, 1С: Управление торговлей 10, 1С: Управление торговлей 11, 1С: Управление производственным предприятием; Регламентные обновления, отчеты, обработки; Интеграция 1С с другими системами и он-лайн сервисами. Требования: Опыт работы в аналогичной должности от 3-х лет; Знание типовых конфигураций: 1С: Розница, 1С: Управление торговлей, 1С: Управление производственным предприятием. Наличие сертификатов 1С будет являться преимуществом. Условия: Оклад + сделка, в зависимости от компетенций: от 500 руб. - 850 руб./ час. Можно из дома, можно из офиса: г. Челябинск, ул. Худякова, 12А. График работы: с 10-00 до 19-00 ЧЛ. ",,3–6 лет,Программист 1С,,120000.0,50000.0,полный день,"1С программирование,1С: Бухгалтерия,1С: Зарплата и управление персоналом,1С: Торговля,1С: Предприятие 8,1С: Комплексная автоматизация,1С: Торговля и склад,1С: Склад,1С: Бухгалтерия и склад,1С: Зарплата и кадры,1С: Управление Производственным Предприятием,Обновление конфигурации 1С,MS SQL,MS SQL Server,1С: Управление Торговлей",Полная занятость,https://tyumen.hh.ru/vacancy/39571022
294,Челябинск,Компания maxim,,9 октября 2020," Кто мы: IT-компания, предоставляющая облачные решения в сфере такси. К нашим сервисам подключено большое количество компаний, среди которых как мелкие региональные игроки, так и компании с мировым именем, такие как сервис заказа такси «Максим». Мы — команда вне географического фактора, части которой эффективно взаимодействуют из разных точек мира. У нас 5 it-подразделений в городах РФ и 4 подразделения за рубежом. 250+ сотрудников и два десятка направлений работы в сфере IT. Задачи: разработка новых и сопровождение существующих проектов холдинга. Что ожидаем от кандидата: опыт разработки на фреймворке Yii2 от 3-х лет; понимать все этапы разработки приложения; самостоятельно выполнять поставленные задачи; понимать требования бизнеса и уметь переводить их в технические решения; умение работать в команде; стремление и умение профессионально развиваться; плюсом будет если вы знаете Golang. Что мы предлагаем: множество интересных и разнообразных задач; разносторонний и дружный коллектив; корпоративное обучение; поездки на it-конференции; компенсацию питания; ДМС; уровень заработной платы, который зависит от технических знаний и навыков (+ регулярный пересмотр, если вы растете); есть программа релокации. ",,3–6 лет,PHP-разработчик,,120000.0,50000.0,полный день,"PHP,Golang,Yii2",Полная занятость,https://tyumen.hh.ru/vacancy/35964062
305,Челябинск,Компания maxim,,9 октября 2020," Кто мы: IT-компания, предоставляющая облачные решения в сфере такси. К нашим сервисам подключено большое количество компаний, среди которых как мелкие региональные игроки, так и компании с мировым именем, такие как сервис заказа такси «Максим». Мы — команда вне географического фактора, части которой эффективно взаимодействуют из разных точек мира. У нас 5 it-подразделений в городах РФ и 4 подразделения за рубежом. 250+ сотрудников и два десятка направлений работы в сфере IT. Задачи: разработка и сопровождение проектов холдинга. Что ожидаем от кандидата: опыт разработки на Anular 2+ от 3-х лет; самостоятельно выполнять поставленные задачи; умение работать в команде; стремление и умение профессионально развиваться. Что мы предлагаем: множество интересных и разнообразных задач; разносторонний и дружный коллектив; корпоративное обучение; поездки на it-конференции; компенсацию питания; ДМС; уровень заработной платы, который зависит от технических знаний и навыков (+ регулярный пересмотр, если вы растете); есть программа релокации. ",,3–6 лет,Angular разработчик,,120000.0,50000.0,полный день,,Полная занятость,https://tyumen.hh.ru/vacancy/35964776
723,Челябинск,Барановский Андрей Владимирович,,13 октября 2020," Обязанности: Внедрение финансовых отчетов на предприятии заказчика Внедрение проекта управленческого учета заработной платы Сопровождение программы Альфа-Авто у заказчика Требования: Базовые знания написания запросов на СКД. Знание основных объектов 1с - справочники, документы, регистры сведений и накопления Условия: Заработная плата в зависимости от уровня компетенции специалиста 5-дневная рабочая неделя с 09 до 18 с перерывом на обед. ",,не требуется,Стажер-программист 1С,,120000.0,50000.0,полный день,"1С: Предприятие 8,Финансовая отчетность,MS Access,1C: Финансы,MS Excel",Полная занятость,https://tyumen.hh.ru/vacancy/39572404
293,Челябинск,Город Продаж,,13 октября 2020," О компании Мы молодая IT компания, занимаемся внедрением CRM систем, разработкой приложений для CRM, разработкой сайтов и прочими web технологиями. Проводим отбор кандидатов на должность менеджера по продажам. Обязанности: Работа с текущими клиентами компании Поиск новых клиентов и развитие клиентской базы Сопровождение клиента в ходе реализации проекта Погружение в задачи клиентов Переговоры с первыми лицами компаний Ведение CRM Составлять индивидуальные КП для клиентов Проводить переговоры по Skype или Zoom Требования: Желание работать и зарабатывать Интерес к рынку IT технологий Дисциплинированный подход к работе Выполнение KPI Опыт в B2B продажах IT сферы будет преимуществом, если опыта нет но есть сильное желание обучаться - обучим Условия: Среднемесячная ЗП от 55000 до 120000 руб. Карьерный и профессиональный рост ДМС при достижении уровня Старшего менеджера Оплата спорт. зала для руководителя отдела продаж Трудоустройство согласно ТК РФ Оклад + мотивация Офис в центре города Всегда интересные задачи Обучение, аттестация продукту за счет компании ","Работа с текущими клиентами компании,Поиск новых клиентов и развитие клиентской базы,Сопровождение клиента в ходе реализации проекта,Погружение в задачи клиентов,Переговоры с первыми лицами компаний,Ведение CRM,Составлять индивидуальные КП для клиентов,Проводить переговоры по Skype или Zoom",не требуется,Менеджер по продажам,,120000.0,55000.0,полный день,"CRM,B2B Продажи,Холодные продажи,Активные продажи,Ведение клиентской базы",Полная занятость,https://tyumen.hh.ru/vacancy/39386562
46,Челябинск,GILMON,"современный офис в центре города;,молодой и дружелюбный коллектив;,достойную и своевременную заработную плату;,развитую корпоративную культуру;,библиотеку современной литературы по необходимым технологиям;,график работы Пн-Пт с 09:00 до 18:00;,возможность профессионального и карьерного роста.",6 октября 2020," !!! 30 000 рублей!!! Именно ты можешь получить вознаграждение в размере 30 000 рублей , если приведёшь кандидата в нашу компанию и он действительно окажется тем, кто нам нужен, пройдя этапы собеседования и испытательный срок!!! Подробности уточняй по телефону, указанному в вакансии или пиши мне: https://t.me/Nina_Ol Давай знакомиться! Мы — сервис скидок GILMON. Наш продукт — бесплатные купоны и промокоды на товары и услуги со скидкой до 100%. Проект основан в 2011 г. На сегодняшний день представлен в пяти городах миллионниках России: Челябинск, Екатеринбург, Москва, Самара и Новосибирск. GILMON в цифрах: - пользовательский охват - 2 500 000 +; - визиты в месяц - 1 800 000 +; - получено купонов - 20 000 + в день; - мобильное приложение IOS (рейтинг 4,8); - мобильное приложение Android (рейтинг 4,6); - аудитория в социальных сетях - 300 000 + (VK 290 000 +, Instagram 6 300 +). С недавнего времени мы также представлены в Facebook и Одноклассники. В связи с расширением штата мы в поисках опытного специалиста. У нас сплоченная команда амбициозных разработчиков. Мы следим за качеством кода, стараемся использовать современные технологии и применяем нестандартные решения. Задачи: разработка решений для автоматизации бизнеса; разработка и поддержка нового функционала сайта; поддержка и развитие внутреннего API. Требования: опыт разработки на PHP от 1 года; хорошее понимание концепции ООП, опыт её применения; умение писать опрятный и поддерживаемый код; умение работать с чужим кодом; умение составлять и оптимизировать SQL-запросы; опыт работы с Git; опыт работы с нереляционными базами данных и системами кеширования. Плюсами будут: опыт работы с консолью Linux; опыт работы с высоконагруженными проектами; умение работать с кешированием, понимание целесообразности его применения; опыт разработки на Yii/Symfony/Zend/etc, понимание принципов их работы; опыт разработки на Vue + TypeScript; понимание работы RESTful сервисов. Условия: современный офис в центре города; молодой и дружелюбный коллектив; достойную и своевременную заработную плату; развитую корпоративную культуру; библиотеку современной литературы по необходимым технологиям; график работы Пн-Пт с 09:00 до 18:00; возможность профессионального и карьерного роста. Миссия нашей компании — результат для всех! GILMON — это не просто работа, это любимое дело! Готов присоединиться к GILMON? До встречи на собеседовании! ",,1–3 года,Backend-разработчик,"опыт разработки на PHP от 1 года;,хорошее понимание концепции ООП, опыт её применения;,умение писать опрятный и поддерживаемый код;,умение работать с чужим кодом;,умение составлять и оптимизировать SQL-запросы;,опыт работы с Git;,опыт работы с нереляционными базами данных и системами кеширования.",120000.0,60000.0,полный день,,Полная занятость,https://tyumen.hh.ru/vacancy/39645861
97,Челябинск,Максимал,,5 октября 2020," В команду нового образовательного проекта ищем Front-end разработчика. «Максимал» - это компания молодых профессионалов, которые подходят к каждому проекту индивидуально. Мы занимаемся разработкой сайтов любой сложности. С нами вы сможете развить свои скилы и поработать над интересными проектами без скучных и однообразных задач. Проект направлен на то, чтобы объединить преподавателей и учеников через интернет, используя самые современные Web технологии. Это отличный шанс получить опыт разработки большого и высоконагруженного проекта. В проекте используется следующий стек технологий: Reactjs, WebRTC, Websocket, Canvas. Мы пригласим вас на собеседование, если Вы: Имеете опыт работы от 3 лет Имеете опыт разработки Web-приложений Работали с PHP шаблонизаторами; имеете опытом работы с системами контроля версий; Имеете опыт верстки HTML CSS; Знаете Javascript, JQuery React JS/Vue JS; обладаете такими качествами, как аккуратность, внимательность, вовлеченность, ответственность, трудолюбие. От нас: подтвержденный официально стаж, гарантия занятости в развивающейся компании; гибкий график работы (плавающее начало рабочего дня); крутой офис, постоянный контакт с командой, приятная рабочая атмосфера; стабильная заработная плата (2 раза в месяц); бесплатные обеды в офисе, буфет с чаем/кофе/газировкой и печенками; богатая корпоративная жизнь (корпоративные мероприятия); возможность работы удаленно. Если ты заинтересован в работе в сплоченной и дружной команде профессионалов, нацеленных на создание интересных и перспективных сайтов, то ждем твой отклик! ",,3–6 лет,JavaScript разработчик/Frontend (Middle / Senior),,120000.0,60000.0,полный день,"CSS,Git,ReactJS,JavaScript,HTML5,VueJS,jQuery",Полная занятость,https://tyumen.hh.ru/vacancy/39612392
666,Челябинск,Группа Компаний Мечел,,12 октября 2020," Мечел-Сервис - одна из крупнейших металлоторговых компаний России и СНГ с широкой географией и профессиональным коллективом, обладающим колоссальным опытом и знанием рынка. Нашим партнерам и сотрудникам мы предлагаем долгосрочные, прозрачные и честные отношения. Все наши усилия направлены по трем важным для нас направлениям - это персонал, партнеры и технологии. Мы приглашаем на работу .NET программиста Задачи Разработка ERP-системы, включая системы прогнозирования продаж и формирования потребностей; реализация, производство, ценообразование, кредитование, WMS-система (система управления складом); Разработка хранилища данных; Создание сервисов интеграции с другими системами, в т.ч. сервисами для клиентов (личный кабинет клиента, онлайн-площадка для распределения грузов между перевозчиками); Разработка ПО для оптимизации и автоматизации бизнес-процессов; Обязанности: Участие в проектах по разработке систем управленческого и складского учетов; Проектирование архитектуры распределенного ПО; Проектирование БД; Разработка бэкэнда и веб-интерфейса системы; Требования: Значимый опыт работы с C# и .NET Framework, знание ООП. Стремление к профессиональному росту, готовность к обучению, желание осваивать новые технологии, упорство в изучении нового материала, ответственность, коммуникабельность; Наш стек технологий, в котором Вы сможете приобрести у нас опыт: Применения паттернов AOP, MVC, MVVM; .NET Framework, .NET Core; Разработки с использованием: C#, ASP.NET Web API, ASP.NET Core, REST; TFS, Git; NHibernate, Entity Framework; Базы данных (Oracle, MS SQL, PostgreSQL); Angular; MOM-системы (RabbitMQ) Работа в Мечел-Сервис это: Сложные и интересные задачи, внедряя которые, вы будете вносить значимый вклад в развитие компании; Своевременная, стабильная, официальная зарплата; Современное оборудование, есть возможность установки второго монитора; Развитие. Наши ведущие разработчики будут делиться с вами ценными знаниями и направлять в развитии; Разработка (Full Stack). И Back-end и Front-end Глубокое погружение в бизнес-процессы; зарплата : 70000 -120000 руб. (на руки), 100% «белая»; уровень дохода формируется в зависимости от опыта и знаний приоритетных технологий; рабочий день: нормированный 8 часов+обед, 5/2, субб-воскр. выходные; удаленная работа: ПМЖ - Челябинск/Екатеринбург/Уфа/Самара/Ростов-на-Дону трудовой договор: оформление в штат на полную ставку; В случае работы в офисе г.Челябинск: оплачиваемая парковка, также парковка для велосипедов; чай, кофе, новая кофемашина; в непосредственной близости от офиса несколько столовых; транспортная доступность: автобусные, троллейбусные, трамвайные остановки, маршрутное такси. ","Участие в проектах по разработке систем управленческого и складского учетов;,Проектирование архитектуры распределенного ПО; Проектирование БД; Разработка бэкэнда и веб-интерфейса системы;",1–3 года,Программист .net,"Значимый опыт работы с C# и .NET Framework, знание ООП.,Стремление к профессиональному росту, готовность к обучению, желание осваивать новые технологии, упорство в изучении нового материала, ответственность, коммуникабельность;",120000.0,70000.0,удаленная работа,"C#,.NET Framework,ООП",Полная занятость,https://tyumen.hh.ru/vacancy/39759413
189,Челябинск,Лаборатория системных технологий,"испытательный срок 3 мес.,постоянная работа в центре Челябинска,белая зарплата выше рынка",7 октября 2020, Обязанности: Программирование UI Создание анимаций и встраивание дизайна Программирование логики интерфейса с использованием MVC Разработка прототипов игр Требования: Опыт разработки Желание работать Условия: испытательный срок 3 мес. постоянная работа в центре Челябинска белая зарплата выше рынка ,,1–3 года,Программист-разработчик,,120000.0,80000.0,полный день,"Английский — A1 — Начальный,Тестирование пользовательского интерфейса,Английский язык,JavaScript,MVC",Полная занятость,https://tyumen.hh.ru/vacancy/38870082
276,Челябинск,"Красное & Белое, розничная сеть",,12 октября 2020," Обязанности: 1С: Бухгалтерия Предприятия 3.0 - поддержка, обновление, создание внешних отчетов и обработок. Организация обменов различными способами: файловый обмен, COM-соединение, web-сервис. Требования: Опыт работы с 1С: БП 3.0 от 3 лет, знание основ бухгалтерского учета. Желателен опыт работы с большими объемами данных, организация обменов. Условия: Уровень заработной платы обсуждается по результатам оценки компетенций Готовы рассмотреть иногородних кандидатов для дистанционной, удаленной работы График работы (готовы обсуждать различные варианты): удаленная работа, гибкий график, либо 5/2 с 9.00 до 18.00 Официальное трудоустройство. Зарплата выплачивается на банковскую карту три раза в месяц. ","1С: Бухгалтерия Предприятия 3.0 - поддержка, обновление, создание внешних отчетов и обработок.,Организация обменов различными способами: файловый обмен, COM-соединение, web-сервис.",3–6 лет,Программист 1С (отдел ПО),,120000.0,80000.0,полный день,"1С: Предприятие: Бухгалтерский Учет,1С: Предприятие 8,1С: Бухгалтерия",Полная занятость,https://tyumen.hh.ru/vacancy/38849897
488,Челябинск,Челябинский кузнечно-прессовый завод (ЧКПЗ),,2 октября 2020," Обязанности: Установка регламентированной отчетности, регистрация, обнаружение и исправление технических багов; Работа с данными (проверка данных, обработка данных, контроль за выполнением обменов, мониторинг ошибок в системах 1С, поиск и исправление ошибок в данных) Работа с базами данных, MS SQL Server уровня Эксперт 1С (APDEX, Настройка сервера СУБД, Регламентные операции СУБД, Мониторинг загруженности оборудования, Расследование причин медленной работы – ЦУП, Неоптимальные запросы, Блокировки, Взаимоблокировки, ускорения различных операций, Нагрузочное тестирование и оборудование, Тех. журнал Разработка мобильных приложений Работа с торговым оборудованием в рамках мобильных приложений Android Требования: Глубокое знание СКД Знание и опыт применения механизмов оптимизации баз данных, MS SQL Server уровня Эксперт 1С (APDEX, Настройка сервера СУБД, Регламентные операции СУБД, Мониторинг загруженности оборудования, Расследование причин медленной работы – ЦУП, Неоптимальные запросы, Блокировки, Взаимоблокировки, ускорения различных операций, Нагрузочное тестирование и оборудование, Тех. журнал) Глубокое знание механизмов интеграции, опыт использования API различных систем (сложная интеграция, телефония, рассылки) Обширный опыт разработки мобильных приложений, работы с торговым оборудованием в рамках мобильных приложений Android Опыт разработки на других языках программирования, создания компонент Глубокое значение и понимание принципов разработки правильного кода по стандартам фирмы 1С. Условия: Пятидневная рабочая неделя ( 8:00- 16:30) Работа на современном крупном промышленном предприятии; Своевременная и достойная оплата труда; Официальное трудоустройство в соответствии с ТК РФ; Развернутая программа социальных льгот, медицинского страхования и организации отдыха для работников. ",,3–6 лет,Senior Programmer 1C,,120000.0,85000.0,полный день,"MS SQL Server,Transact-SQL,MS SQL,Android,SQL",Полная занятость,https://tyumen.hh.ru/vacancy/39579762
378,Копейск,"Союз-Полимер, ПТК","Пятидневная рабочая неделя, с 9 до 17-30. Полный соцпакет.,Отличный, современный офис, оборудованное рабочее место;,Недорогая, очень вкусная столовая,,Бесплатная, охраняемая стоянка,,Дружелюбный, настроенный на работу коллектив.,Компания находится в центре гор. Копейска (от центра Челябинска - 30 мин., от Автовокзала гор. Копейска - 2 мин.)",16 сентября 2020," Обязанности: Программирование 1С на производстве. Требования: Опыт внедрения конфигураций 1С УПП, базовые знания бухгалтерии. Знание основ производства. Опыт работы с 1С от 3х лет. В резюме укажите внедренные проекты и Вашу роль в каждом из них. Условия: Пятидневная рабочая неделя, с 9 до 17-30. Полный соцпакет. Отличный, современный офис, оборудованное рабочее место; Недорогая, очень вкусная столовая, Бесплатная, охраняемая стоянка, Дружелюбный, настроенный на работу коллектив. Компания находится в центре гор. Копейска (от центра Челябинска - 30 мин., от Автовокзала гор. Копейска - 2 мин.) ",Программирование 1С на производстве.,3–6 лет,Программист 1С,"Опыт внедрения конфигураций 1С УПП, базовые знания бухгалтерии.,Знание основ производства.,Опыт работы с 1С от 3х лет.,В резюме укажите внедренные проекты и Вашу роль в каждом из них.",120000.0,100000.0,полный день,,Полная занятость,https://tyumen.hh.ru/vacancy/38553229
385,Челябинск,"Союз-Полимер, ПТК","Пятидневная рабочая неделя, с 9 до 17-30. Полный соцпакет.,Отличный, современный офис, оборудованное рабочее место;,Недорогая, очень вкусная столовая,,Бесплатная, охраняемая стоянка,,Дружелюбный, настроенный на работу коллектив.,Компания находится в центре гор. Копейска (от центра Челябинска - 30 мин., от Автовокзала гор. Копейска - 2 мин.)",23 сентября 2020," Обязанности: Программирование 1С на производстве. Требования: Опыт внедрения конфигураций 1С УПП, базовые знания бухгалтерии. Знание основ производства. Опыт работы с 1С от 3х лет. В резюме укажите внедренные проекты и Вашу роль в каждом из них. Условия: Пятидневная рабочая неделя, с 9 до 17-30. Полный соцпакет. Отличный, современный офис, оборудованное рабочее место; Недорогая, очень вкусная столовая, Бесплатная, охраняемая стоянка, Дружелюбный, настроенный на работу коллектив. Компания находится в центре гор. Копейска (от центра Челябинска - 30 мин., от Автовокзала гор. Копейска - 2 мин.) ",Программирование 1С на производстве.,3–6 лет,Программист 1С,"Опыт внедрения конфигураций 1С УПП, базовые знания бухгалтерии.,Знание основ производства.,Опыт работы с 1С от 3х лет.,В резюме укажите внедренные проекты и Вашу роль в каждом из них.",120000.0,100000.0,полный день,,Полная занятость,https://tyumen.hh.ru/vacancy/38553228
75,Челябинск,TICKETGLOBAL (ИП Гудзенко Любовь Александровна),,30 сентября 2020," Привет! Это команда компании «Ticketglobal»! Наша компания занимается гастрольной деятельностью ведущих театров Санкт-Петербурга и Москвы, мы продаем и доставляем билеты! Если ты мечтаешь быть ближе к искусству и влиять на его развитие в нашем обществе, если ты хочешь приобщить больше людей к культурному досугу под названием «театр», то, уверены, тебе будет интересно двигаться с нами в одном направлении! Кто мы? «Ticketglobal» – это приобщение людей к новому, инновационному, зрелищному продукту, что влечет за собой культурное, интеллектуальное и эмоциональное развитие каждого! Мы не просто организовываем зрелищный продукт, мы делаем так, чтобы после «занавеса» человек уходил с правильным ощущением смятения, с правильным поиском внутри себя! Мы делаем так, чтобы никто не остался равнодушным! Что Вы получите: - Проценты и бонусы за выполнение KPI; - Оклад в 35 000 руб. + премиальные в виде процента от продаж ; - Мощнейшая бонусная программа, при которой выплаты могут достигать до 75 000-125 000 рублей за месяц; - Возможны ежедневные выплаты; - Уникальные клиентские базы данных и технология вывода на рынок нового инновационного зрелищного продукта; - Возможность работать с уже имеющейся проверенной клиентской базой в 35 000 человек, в которую входят ведущие топ-менеджеры различных компаний и предприятий, а также государственные служащие самого разного уровня, начиная с Федеральных органов исполнительной власти и заканчивая районными Администрациями и Префектурами; - Возможность бесплатно посещать все спектакли компании, а также получать билеты на любое другие мероприятия Петербурге и Москве (спектакли, концерты, спорт, выставки и т.п.); - Возможность общаться и иметь личные контакты с самыми популярными актерами театра и кино, которые играют в спектаклях, организуемых нашей компанией; - Живая, рабочая, конкурентная среда в компании; - Пошаговая, доступная, легко воспринимаемая и быстрая система обучения; - Выделенный сотрудник организации-куратор предлагаемого обучения, который на первоначальных этапах введет в курс дела и научит всему необходимому; - Сильнейшая собственная школа продаж; - Оплачиваемую IP-телефонию и сопутствующие программы; - Удобный график 5/2 с 10:00 до 20:00 по МСК. Ваши ключевые обязанности: - Продажа Клиентам в телефонном режиме (исходящие звонки) театральных билетов на спектакли, организуемые компанией; - Полное консультирование Клиентов по данным спектаклям (содержание, актерский состав, место проведения, стоимость билетов и т.п.); - Работа с постоянными, потенциальными и Vip-Клиентами из Москвы и Санкт-Петербурга (работа с постоянными клиентами осуществляется только после тестового периода на холодных звонках); - Оформление и сопровождение заявки на заказ билетов; - Работа в CRM-системе; - Работа в Google Drive; - Взаимодействие со службой курьерской доставки в рамках исполнения заявки; - Развитие и поддержание благоприятных отношений с Клиентами. Какой человек нам нужен: - Который готов совершать 200-300 исходящих звонков в день; - Который не боится отказов и возражений; - С грамотной речью; - С высоким уровнем ответственности и самостоятельности; - С желанием работать, обучаться и быть нацеленным на результат. Требования к ПК\Ноутбуку: - Оперативная память: от 4 Гб; - Жесткий диск: от 300 Гб; - Процессор: Pentium и выше, AMD Phenom, Windows 7 и выше; - Mac OS: от El Capitan и выше. Если Вы внимательно прочитали вакансию, то напишите в отклике, почему на данную работу мы должны взять именно Вас и начните со слов: “Я хочу работать в “TICKETGLOBAL”!” ",,не требуется,Менеджер по продажам театрального продукта,,125000.0,65000.0,удаленная работа,"Холодные продажи,Активные продажи,Организаторские навыки,Холодные звонки,CRM,Работа с возражениями,Поиск и привлечение клиентов,Организация мероприятий,Прямые продажи,Телефонные переговоры,Умение работать в команде,Клиентоориентированность,Креативность,Грамотная речь,Сопровождение клиентов,Многозадачность,Консультирование,Ориентация на результат,Ведение клиентской базы,Управление отношениями с клиентами,Оценка потребностей клиентов,Консультативные продажи,Навыки переговоров,Работа с базами данных,Навыки телефонных продаж,Знание техники продаж,Ведение переговоров,Управление продажами,Навыки продаж,Развитие продаж",Полная занятость,https://tyumen.hh.ru/vacancy/39536591
319,Челябинск,ОТС,,15 октября 2020," SalesTech-система OTC.ru для совершения сделок в корпоративном и государственном секторе. В системе зарегистрированы более 300 тысяч организаций, заключено сделок более чем на 0.5 трлн рублей. В связи с постоянным развитием площадки и новыми проектами мы расширяем штат. Ищем крутых специалистов по продажам. Мы предлагаем: Интересные амбициозные задачи и проекты Возможность влиять на процессы внутри компании. Мы рады твоим полезным идеям! Обучение в корпоративной академии Все, что нужно для комфортной работы: БЕЛУЮ зарплату (оклад + премии) , оформление по трудовому договору с первого рабочего дня современное рабочее место Материальная помощь от компании (при рождении ребенка, бракосочетании и т.п.) комфортный офис в центре города (улица Карла Либкнехта) молодой и дружный коллектив лояльное руководство отсутствие дресс-кода Чем предстоит заниматься: Холодные звонки Продвижение услуг электронной торговой площадки Самостоятельное привлечение клиентов/партнеров Проведение встреч, переговоров Подготовка коммерческих предложений, презентаций по продуктам компании Возможны командировки по Уральскому федеральному округу Мы ожидаем от Вас: Знание 223 и 44 ФЗ (большое преимущество) Знание программ: Excel, Word, Power Point Опыт активных продаж обязателен Опыт холодных звонков, консультаций клиентов Грамотная устная и письменная речь Коммуникабельность, пунктуальность, высокая исполнительность, активность, целеустремленность Умение работать в команде Желание постоянно развиваться ",,1–3 года,Региональный менеджер по продажам (электронная торговая площадка),,130000.0,40000.0,полный день,"223 ФЗ,коммерческие закупки,B2B Продажи,Ведение переговоров,Проведение презентаций,CRM,Коммуникабельность,Активные продажи,Тендеры,Закупки,44 ФЗ,Поиск и привлечение клиентов,Заключение договоров",Полная занятость,https://tyumen.hh.ru/vacancy/39340206
533,Челябинск,"Варяг, Холдинг предприятий безопасности",,12 октября 2020," «Варяг – технологии безопасности» – современный, стремительно развивающийся холдинг предприятий, разрабатывающих инновационные решения в области безопасности. Продуктами компании являются системы мониторинга и защиты имущества, инженерно-технические средства безопасности, услуги пультовой и физической охраны, а также образовательные услуги спецподготовки персонала. Пользователи продуктов и услуг под брендами компании - это более 25 000 клиентов на территории Уральского Федерального округа, от физических лиц и малого бизнеса до крупнейших федеральных и государственных компаний. В нынешних условиях пандемии, когда все сокращают штат и заработную плату, «Варяг» продолжает набор квалифицированных сотрудников. Открываем набор на позицию «Программист 1С» и предлагаем Вам стать частью нашей дружной и боевой команды! Обязанности: разработка на платформах 1С: УПП, 1С: СRM, 1C: ITIL, 1С: Бухгалтерия 3.0, 1С: ЗУП 3.1; работа с HTTP-сервисами; разработка взаимодействий с другими программными продуктами; внедрение новых программных решений в бизнес-процессы. Требования: знания и навыки конфигурирования и программирования в среде ""1С: Предприятие 8""; опыт разработки на платформах 1С: Предприятие 8.3; умение разбираться в чужом коде; опыт работы с УПП; знание КД 2.0 - 2.1; опыт работы с API; знание СКД. Дополнительными преимуществами будут: опыт интеграции систем на базе 1С с другими системами; наличие сертификатов 1С; знание управленческого учета. Личные качества: умение работать в команде; умение работать в режиме многозадачности; аналитический склад ума; ответственность, исполнительность, коммуникабельность; стрессоустойчивость. Мы предлагаем: участие в крупных корпоративных проектах по автоматизации; профессиональное развитие, возможность карьерного роста; высокий уровень заработной платы; обучение за счет компании, как внутренние, так и внешнее. Сертификация по линии 1С; дружный коллектив профессионалов высокого уровня; скидки на услуги компании; индивидуальный подход к возможностям и потребностям каждого сотрудника. Возможно Вы – тот‚ кого мы ищем! Высылайте нам свое резюме и мы рассмотрим его в течение 3 рабочих дней. ","разработка на платформах 1С: УПП, 1С: СRM, 1C: ITIL, 1С: Бухгалтерия 3.0, 1С: ЗУП 3.1;,работа с HTTP-сервисами;,разработка взаимодействий с другими программными продуктами;,внедрение новых программных решений в бизнес-процессы.",1–3 года,Программист 1C,"знания и навыки конфигурирования и программирования в среде ""1С: Предприятие 8"";,опыт разработки на платформах 1С: Предприятие 8.3;,умение разбираться в чужом коде;,опыт работы с УПП;,знание КД 2.0 - 2.1;,опыт работы с API;,знание СКД.",130000.0,80000.0,полный день,"1С программирование,1С: Управление Производственным Предприятием,1С: Предприятие 8,1С: Зарплата и управление персоналом,1C: Бухгалтерия,CRM",Полная занятость,https://tyumen.hh.ru/vacancy/38842852
